{
    "width": 640,
    "height": 480,
    "fx": 615.400634765625,
    "fy": 615.0452880859375,
    "ppx": 312.87567138671875,
    "ppy": 250.85874938964844
}